{
    "run0": {
        "fitness": [
            -0.0,
            -0.0,
            -0.0,
            0.05040469278710609,
            -0.0,
            -0.0,
            -0.0,
            0.32633082810797487,
            0.39704440435700966,
            -0.0,
            -0.0,
            0.4176479906554554,
            -0.0,
            -0.0,
            0.5145198162575894,
            -0.0,
            -0.0,
            0.05408989267987749,
            -0.0,
            -0.0,
            -0.0,
            -0.0,
            -0.0,
            -0.0,
            -0.0,
            0.45751194221102953,
            -0.0,
            -0.0,
            0.1935816330279493,
            0.3952793768220654,
            1.2257097159249375
        ],
        "novelty": 0.21870001499680267,
        "exec_time": 62428.84605836868
    },
    "run1": {
        "fitness": [
            -0.0,
            -0.0,
            -0.0,
            0.41143525414167254,
            0.34954384102051145,
            0.22017588237523725,
            -0.0,
            0.3824026745667886,
            -0.0,
            0.18022183193753352,
            -0.0,
            0.3519059960504466,
            0.14653153884810405,
            -0.0,
            -0.0,
            -0.0,
            0.205682402719212,
            -0.0,
            -0.0,
            -0.0,
            -0.0,
            -0.0,
            0.48855862984409676,
            -0.0,
            -0.0,
            0.6839344153019298,
            0.3511363654182327,
            0.35233378753765066,
            -0.0,
            -0.0,
            2.270175023417828
        ],
        "novelty": 0.21527849079548628,
        "exec_time": 54502.21757602692
    },
    "run2": {
        "fitness": [
            0.3737069775555411,
            -0.0,
            -0.0,
            0.20090229484405905,
            -0.0,
            -0.0,
            -0.0,
            0.445832824123002,
            -0.0,
            -0.0,
            0.38947529828140287,
            -0.0,
            -0.0,
            0.5114256038372991,
            -0.0,
            -0.0,
            -0.0,
            -0.0,
            -0.0,
            0.4656177159132281,
            0.3936815987374452,
            -0.0,
            0.23457849666642916,
            -0.0,
            -0.0,
            0.40046502815488527,
            -0.0,
            -0.0,
            0.6398678954961415,
            0.6068912976297159,
            1.2925555625745702
        ],
        "novelty": 0.21755895765348413,
        "exec_time": 51710.98085832596
    },
    "run3": {
        "fitness": [
            0.5961795993791544,
            -0.0,
            1.9285109220528764,
            0.38943573124834563,
            -0.0,
            -0.0,
            -0.0,
            0.3784441521011564,
            0.6324289264381633,
            0.3449477485271528,
            0.29129891438576866,
            0.5932161144577949,
            -0.0,
            -0.0,
            -0.0,
            -0.0,
            -0.0,
            -0.0,
            -0.0,
            0.3554124257998855,
            0.28183686443699546,
            1.6054387206327225,
            0.7576884171146513,
            0.43633002217483685,
            -0.0,
            -0.0,
            -0.0,
            -0.0,
            -0.0,
            0.34103579826130415,
            2.092857562991675
        ],
        "novelty": 0.2315034143541051,
        "exec_time": 52947.459463357925
    },
    "run4": {
        "fitness": [
            -0.0,
            0.8439660247497588,
            0.5751525176857737,
            0.19466688420911132,
            0.46422277159006525,
            -0.0,
            0.14633506582399858,
            -0.0,
            -0.0,
            0.46176479275866006,
            -0.0,
            -0.0,
            0.2616360800723702,
            -0.0,
            -0.0,
            -0.0,
            0.7165034814702403,
            0.5252686734864332,
            -0.0,
            -0.0,
            0.14408193855023216,
            -0.0,
            -0.0,
            0.15806902259876435,
            0.16208503358738724,
            0.5970197695646688,
            0.3814814517447881,
            0.5063567505099552,
            0.35857390083501417,
            0.5494436731584603,
            2.120393070836798
        ],
        "novelty": 0.23932334006517783,
        "exec_time": 48988.95770215988
    },
    "run5": {
        "fitness": [
            0.15517068801920098,
            0.3813118229962093,
            0.5808778921067979,
            0.4760831535371252,
            -0.0,
            -0.0,
            -0.0,
            -0.0,
            0.17318258316139729,
            -0.0,
            -0.0,
            0.31971757421601765,
            0.4208818925913808,
            -0.0,
            0.35374722032326655,
            -0.0,
            0.4134678067606052,
            0.5843291497458364,
            -0.0,
            0.4181740703849662,
            -0.0,
            0.14203724243133978,
            -0.0,
            0.5310187498779348,
            -0.0,
            0.445110292939479,
            -0.0,
            -0.0,
            0.6826461950298706,
            -0.0,
            1.2105477178977895
        ],
        "novelty": 0.24255112327378373,
        "exec_time": 56632.36965560913
    },
    "run6": {
        "fitness": [
            -0.0,
            -0.0,
            -0.0,
            0.1624038510325494,
            -0.0,
            0.22957523913194355,
            0.24345423147610623,
            0.5106459608392284,
            0.18564546503957066,
            0.2794286138309758,
            0.34347701571211114,
            -0.0,
            0.6215840747940439,
            -0.0,
            -0.0,
            -0.0,
            0.8986402920751296,
            -0.0,
            0.42197367172638717,
            -0.0,
            1.128591295257901,
            -0.0,
            0.25060248869391594,
            -0.0,
            0.6416024717831403,
            0.202382094382408,
            -0.0,
            -0.0,
            0.2825353778021304,
            0.4904755551403243,
            1.0447790455884511
        ],
        "novelty": 0.2454121982914278,
        "exec_time": 53351.653710603714
    },
    "run7": {
        "fitness": [
            0.5193772436009113,
            0.5828480072004385,
            -0.0,
            -0.0,
            -0.0,
            -0.0,
            0.3560350473240877,
            0.047271469200328584,
            0.4244470248242859,
            0.6578204148985641,
            -0.0,
            -0.0,
            0.5214852353687698,
            0.4665618481830716,
            0.5196669252372217,
            0.6630899515135318,
            -0.0,
            -0.0,
            -0.0,
            0.2624672233586399,
            -0.0,
            -0.0,
            -0.0,
            -0.0,
            -0.0,
            -0.0,
            -0.0,
            0.46804605907003705,
            -0.0,
            -0.0,
            0.9497565637681507
        ],
        "novelty": 0.2187428642963541,
        "exec_time": 55779.093178510666
    },
    "run8": {
        "fitness": [
            -0.0,
            0.13804084448490075,
            -0.0,
            0.4139893221057154,
            -0.0,
            0.16891773900181678,
            0.29660124843876395,
            -0.0,
            0.20285552472262022,
            -0.0,
            0.16128407318331536,
            -0.0,
            0.47433387054968074,
            -0.0,
            0.4004972360582781,
            -0.0,
            -0.0,
            -0.0,
            -0.0,
            -0.0,
            -0.0,
            -0.0,
            0.605737711421646,
            -0.0,
            -0.0,
            -0.0,
            -0.0,
            -0.0,
            0.35447110904873325,
            -0.0,
            1.3466264150010072
        ],
        "novelty": 0.2121282769345689,
        "exec_time": 57228.92890238762
    },