{
    "run0": {
        "fitness": [
            0.7466329877432435,
            0.6742211354350179,
            0.6460324590612835,
            0.6381104679823636,
            0.6230607209788639,
            0.6196289713349535,
            0.5899732213546202,
            0.5630611948881264,
            0.5571363054557121,
            0.5458121046954864,
            0.5172331013672633,
            0.5153306697496693,
            0.4921484876163474,
            0.48289262346640716,
            0.47913329676469824,
            0.4754619410445052,
            0.46819468619977345,
            0.4665261807548498,
            0.46270252500449044,
            0.4624302125085308,
            0.4621774300509257,
            0.46074316566329565,
            0.45974929511758084,
            0.45740228024766616,
            0.45575967648435,
            0.4552447148984323,
            0.4544064729727312,
            0.45371379244443744,
            0.45260162301280277,
            0.4522683183368436
        ],
        "novelty": 0.2282106847598635,
        "exec_time": 49865.2301697731
    },
    "run1": {
        "fitness": [
            1.0949831718594911,
            1.0933254341938023,
            1.0361266300557717,
            0.9106320482855399,
            0.8636899625685378,
            0.7907534761553658,
            0.7830840778204229,
            0.7473283896906324,
            0.7328133708871758,
            0.7183727914416239,
            0.7143781086935779,
            0.6805334654381894,
            0.6590708135292275,
            0.6515739370507103,
            0.6281657509344178,
            0.6089858576453339,
            0.5819788825240995,
            0.5701341737306508,
            0.5527640463881893,
            0.5126330086418075,
            0.5007780390751361,
            0.5000163994212005,
            0.4997860931531777,
            0.49893538703568696,
            0.49725159904231775,
            0.495740071140478,
            0.4932842789443756,
            0.4928636688242538,
            0.4820327106426968,
            0.4773841370644683
        ],
        "novelty": 0.20941842849227205,
        "exec_time": 45616.73402619362
    },
    "run2": {
        "fitness": [
            1.0436684210962535,
            0.7872845136236759,
            0.7352359335862376,
            0.7152225906846831,
            0.6518253838513645,
            0.6304789705848833,
            0.6260615255179794,
            0.5873437355850737,
            0.5701616112111342,
            0.5478240880129629,
            0.5342338869986624,
            0.5167733753734183,
            0.5096770560933112,
            0.49972050411403124,
            0.49762615370792834,
            0.49166170542170645,
            0.48908236226664764,
            0.4850863628129029,
            0.48446190195789923,
            0.48011753784493866,
            0.4799967100322189,
            0.4777104414265157,
            0.4769650062337511,
            0.4739222818274597,
            0.4677784228099249,
            0.4638613927174697,
            0.4597849584558218,
            0.4581326256758514,
            0.4563270873383751,
            0.45547888545623694
        ],
        "novelty": 0.24195213153444486,
        "exec_time": 50722.16599035263
    },
    "run3": {
        "fitness": [
            0.8414549628657847,
            0.7210534676230276,
            0.7125023654448027,
            0.6628229383962332,
            0.6616031449781549,
            0.6599454414435715,
            0.6576192322971038,
            0.654840539980037,
            0.6441077479334006,
            0.6404359039033491,
            0.6385505735944427,
            0.636866747013973,
            0.6232041830977001,
            0.6198744270107082,
            0.6178488144442144,
            0.6066825723238536,
            0.5899415179771774,
            0.5881638692820618,
            0.5826213944329146,
            0.5817445973423906,
            0.5809259034890327,
            0.5797957355105725,
            0.5793762606037135,
            0.5732693115278482,
            0.5732541549239693,
            0.5713199092541854,
            0.5711871202209675,
            0.5689639166250167,
            0.5689281258735206,
            0.5685503031971411
        ],
        "novelty": 0.22838080518547146,
        "exec_time": 49718.67882728577
    },
    "run4": {
        "fitness": [
            0.9909170713057225,
            0.8031156486463198,
            0.738051679996858,
            0.7182298206566174,
            0.7061999928989062,
            0.6853193226057019,
            0.6320238595667007,
            0.6153442971086037,
            0.5987452130081301,
            0.5900036883003343,
            0.5774368670592044,
            0.5710784948040861,
            0.5479999392735542,
            0.5177655135181652,
            0.5171723156116868,
            0.5108693009377167,
            0.4953810936393802,
            0.4917299641481335,
            0.48510089106071347,
            0.48278325633807057,
            0.48174251897174725,
            0.47979790174574355,
            0.46882032300187565,
            0.46130175385356353,
            0.46016890003085936,
            0.4054197896576622,
            0.4048058690482089,
            0.39969274106607633,
            0.39128354057231735,
            0.3868680756860508
        ],
        "novelty": 0.21150723257284054,
        "exec_time": 41995.64317035675
    },
    "run5": {
        "fitness": [
            1.1330642601377252,
            1.0995024434821874,
            0.8134611630960455,
            0.745080522699902,
            0.7014471347486126,
            0.7012894736236965,
            0.6725726338852389,
            0.665713505859275,
            0.6612546426101331,
            0.6595008338948334,
            0.6544041231791621,
            0.6433720707941544,
            0.6034785049539808,
            0.581452213550077,
            0.5772688511372039,
            0.5749936738323179,
            0.5687064280573622,
            0.5472941394996204,
            0.547141201667162,
            0.5342165338455925,
            0.5290416818067247,
            0.5288954719245691,
            0.5250023475127895,
            0.5223922624428158,
            0.5180438949128989,
            0.5149419834096616,
            0.5129013515999247,
            0.5101346846813123,
            0.5086425849734048,
            0.4962681925897469
        ],
        "novelty": 0.268432364518615,
        "exec_time": 51106.58468723297
    },
    "run6": {
        "fitness": [
            0.9612941923400686,
            0.7146405301468864,
            0.6711722771458917,
            0.6449487904485669,
            0.6286087153069144,
            0.6181742074774943,
            0.6039702806629774,
            0.6005127790292115,
            0.600149899035109,
            0.5982422461342245,
            0.5790289418006238,
            0.5500606383001456,
            0.5337293866623316,
            0.5146678370603532,
            0.506015367943179,
            0.49895618232288685,
            0.4962325049599733,
            0.4935032538385685,
            0.49058714972390094,
            0.4869051874691481,
            0.48380165764766014,
            0.48146906681333196,
            0.4789508540003716,
            0.4777641737768049,
            0.4747147061180819,
            0.4677339211933357,
            0.46408280782890643,
            0.46351086520126045,
            0.4633085203425646,
            0.4536534626276413
        ],
        "novelty": 0.2622041700215175,
        "exec_time": 49670.1066801548
    },