{
    "run0": {
        "fitness": [
            -0.0,
            0.3069581340815023,
            -0.0,
            -0.0,
            -0.0,
            -0.0,
            -0.0,
            0.3642701034531294,
            0.2943186570383397,
            -0.0,
            0.14119282631837135,
            -0.0,
            -0.0,
            0.15711216508098655,
            0.5655331070694964,
            0.11241270746234769,
            0.08560602666259311,
            0.3428154714420857,
            -0.0,
            -0.0,
            -0.0,
            -0.0,
            -0.0,
            -0.0,
            -0.0,
            -0.0,
            0.19728762287908871,
            -0.0,
            0.20712671951135844,
            0.6479156008317013,
            0.8085286712184809
        ],
        "novelty": 0.2705357854393707,
        "exec_time": 44473.53141641617
    },
    "run1": {
        "fitness": [
            0.19859521682903986,
            -0.0,
            0.31608904206275773,
            -0.0,
            0.5166153018332472,
            -0.0,
            -0.0,
            -0.0,
            0.30888832285433787,
            0.043568931838960705,
            -0.0,
            -0.0,
            0.06517337808693918,
            -0.0,
            0.17294743591301162,
            -0.0,
            0.05354842293901344,
            0.07163184347889893,
            -0.0,
            -0.0,
            -0.0,
            -0.0,
            0.07726557776148278,
            -0.0,
            0.27197237510245714,
            -0.0,
            -0.0,
            -0.0,
            0.390669093961085,
            -0.0,
            1.7854643459058854
        ],
        "novelty": 0.25593734842607346,
        "exec_time": 44395.12826704979
    },
    "run2": {
        "fitness": [
            -0.0,
            -0.0,
            0.4174730246235429,
            0.22328787456648277,
            0.11889331635465679,
            -0.0,
            0.19328341285236736,
            0.17679320161176257,
            0.3757985184436354,
            -0.0,
            0.09569719481426518,
            0.2745032315024786,
            -0.0,
            -0.0,
            -0.0,
            -0.0,
            -0.0,
            -0.0,
            -0.0,
            0.07255336380903492,
            -0.0,
            0.2649765463676667,
            -0.0,
            -0.0,
            -0.0,
            -0.0,
            -0.0,
            -0.0,
            -0.0,
            -0.0,
            0.7826793856571466
        ],
        "novelty": 0.271003904698909,
        "exec_time": 42918.359598875046
    },
    "run3": {
        "fitness": [
            0.3513646973506976,
            0.1985105748022186,
            -0.0,
            0.13311248556489919,
            0.4174362931502333,
            -0.0,
            -0.0,
            -0.0,
            -0.0,
            0.17733615673704753,
            -0.0,
            0.09103019441235179,
            -0.0,
            -0.0,
            -0.0,
            -0.0,
            -0.0,
            -0.0,
            0.23001445268860135,
            -0.0,
            0.18224566965447336,
            -0.0,
            0.07957408863957914,
            -0.0,
            -0.0,
            -0.0,
            -0.0,
            0.04095971892815913,
            -0.0,
            0.032603413781116065,
            1.0617159857634593
        ],
        "novelty": 0.26021013150269956,
        "exec_time": 44302.878250837326
    },
    "run4": {
        "fitness": [
            -0.0,
            -0.0,
            -0.0,
            0.24114479613443177,
            -0.0,
            0.1890695359498772,
            0.2080535828261944,
            -0.0,
            0.38730031870396986,
            -0.0,
            -0.0,
            0.5647464184885479,
            -0.0,
            0.21422992166434499,
            -0.0,
            -0.0,
            -0.0,
            -0.0,
            -0.0,
            0.20433723832283027,
            0.2545153451455465,
            0.2035510635682242,
            -0.0,
            0.16738101816084305,
            0.10893758907339181,
            -0.0,
            0.19828783957917942,
            -0.0,
            0.32084159977215077,
            -0.0,
            0.9416572449993522
        ],
        "novelty": 0.25189950068791706,
        "exec_time": 39375.79494547844
    },
    "run5": {
        "fitness": [
            0.2621453728007066,
            0.49241193890144885,
            -0.0,
            0.29503836543708617,
            0.4070783293271154,
            0.16992293756032684,
            -0.0,
            0.034529252813074104,
            -0.0,
            -0.0,
            -0.0,
            0.23235285655576057,
            0.05732107882772287,
            0.24821003737443562,
            -0.0,
            -0.0,
            0.4675167879110146,
            0.28046923643998484,
            0.09192852860802903,
            0.14123965622654752,
            0.17270541076007667,
            -0.0,
            0.20077176293571053,
            -0.0,
            -0.0,
            -0.0,
            0.18112505634429876,
            -0.0,
            0.0780046529991621,
            0.20563984745582697,
            1.090164576639156
        ],
        "novelty": 0.2626905587212793,
        "exec_time": 43737.07896208763
    },
    "run6": {
        "fitness": [
            -0.0,
            -0.0,
            -0.0,
            0.059082036877787354,
            -0.0,
            -0.0,
            0.437556470368483,
            0.040402487620659656,
            -0.0,
            -0.0,
            -0.0,
            -0.0,
            0.4575137346063336,
            0.06446270215292602,
            0.16551323393426032,
            -0.0,
            0.09541914598471324,
            -0.0,
            0.0724870814672647,
            0.14108187444488665,
            0.040920122205815035,
            -0.0,
            0.20653371724545722,
            0.31731623757321953,
            -0.0,
            0.1367616274107763,
            -0.0,
            -0.0,
            0.3592667278487144,
            0.12204020349611841,
            0.6754498264092935
        ],
        "novelty": 0.24958376555607237,
        "exec_time": 41762.14915943146
    },
    "run7": {
        "fitness": [
            -0.0,
            0.07380469328514891,
            0.042787161602705744,
            0.2537905761609541,
            0.11320820719015871,
            0.22266009095493153,
            -0.0,
            -0.0,
            0.08081997277278165,
            -0.0,
            0.4603617611292816,
            0.07594138631888696,
            0.04194797259570495,
            -0.0,
            0.27472250287082034,
            0.3413080944433602,
            0.37310496546237876,
            -0.0,
            -0.0,
            -0.0,
            0.32134709900897956,
            -0.0,
            0.46623120954240693,
            0.10594278368384229,
            0.20139100759192957,
            -0.0,
            -0.0,
            0.041282043783473936,
            -0.0,
            -0.0,
            0.7214803536186711
        ],
        "novelty": 0.24588882135248732,
        "exec_time": 44235.70048451424
    },