{
    "run0": {
        "fitness": [
            1.6713699739755439,
            1.3874989914712585,
            1.339679895707243,
            1.201374765736888,
            1.08807618724362,
            1.0170204595198098,
            0.9599745781350904,
            0.9238231515014036,
            0.8864505873558779,
            0.8799842582529843,
            0.870225840758122,
            0.8612889320837843,
            0.8413938768355597,
            0.8005913232684956,
            0.7984290006954278,
            0.7724546355184816,
            0.7595785299184202,
            0.7588437170014052,
            0.7417531713463655,
            0.7337368665847024,
            0.7331455187727071,
            0.7240378582585351,
            0.7139916326814948,
            0.7116535982620484,
            0.7116111966717169,
            0.709151694553029,
            0.6988496421534511,
            0.6847136031460703,
            0.6810095148308083,
            0.6782095468317804
        ],
        "novelty": 0.19600179030977447,
        "exec_time": 52509.697033166885
    },
    "run1": {
        "fitness": [
            1.887849485668538,
            1.5873717655909036,
            1.4708373821034306,
            1.4136767813898918,
            1.3437233989169437,
            1.3210626125027434,
            1.319111901956017,
            1.1808752324324803,
            1.1738329879595997,
            1.1155959496264027,
            1.1027998567032473,
            1.0995553829746094,
            1.0410537757617182,
            1.032496841340914,
            1.0319927519813756,
            1.0277193080147504,
            1.0226613155142226,
            1.0017146978321563,
            0.9843897891950856,
            0.9562989087019069,
            0.9299737691299238,
            0.9261514694045073,
            0.9092479930631784,
            0.9079057479111837,
            0.9036457631506046,
            0.8884512552518027,
            0.8753900848789229,
            0.8613333315527577,
            0.846297557551355,
            0.8454633419350892
        ],
        "novelty": 0.2352031161730317,
        "exec_time": 46358.62827348709
    },
    "run2": {
        "fitness": [
            1.997327588769791,
            1.7977680614521092,
            1.5876047029391784,
            1.5872601375187527,
            1.520637883513973,
            1.1829629904843708,
            1.1736402039322291,
            1.1610496895344051,
            1.1539437491711557,
            1.1345164677926622,
            1.0689308746262707,
            1.020584321049601,
            1.011963395387858,
            0.9968104286406456,
            0.99542141619136,
            0.9844343689206327,
            0.9838006173872005,
            0.9079711923095043,
            0.8759846925385968,
            0.8714319007403561,
            0.8680156584872063,
            0.841520529130433,
            0.7985232885668102,
            0.7924664566271317,
            0.7857883149021312,
            0.7728280936322446,
            0.7464252068766899,
            0.7453722243827716,
            0.7438607372692206,
            0.7430280089516859
        ],
        "novelty": 0.2005904904727278,
        "exec_time": 51709.37605166435
    },
    "run3": {
        "fitness": [
            1.866647279955338,
            1.619040572776349,
            1.3692259721449975,
            1.3627686431452806,
            1.2409142251555643,
            1.2405573413129558,
            1.1657889582069727,
            1.1197020448929365,
            1.0604714677478013,
            1.0433218073209107,
            1.033517848903221,
            1.0197059315795232,
            0.9676566560099477,
            0.9657322228020161,
            0.952792993592671,
            0.9513531034345201,
            0.9510090091439901,
            0.9487889717703296,
            0.9478246319303412,
            0.9419301988621681,
            0.9374438736272207,
            0.9366474853299409,
            0.9171999928335648,
            0.9010558901547784,
            0.8726483077424535,
            0.86592132441584,
            0.8636922729145026,
            0.8486610570550893,
            0.847362316608488,
            0.8416455609594453
        ],
        "novelty": 0.2518025804525134,
        "exec_time": 55039.6966612339
    },
    "run4": {
        "fitness": [
            2.0267419271417886,
            1.3066063234292051,
            1.2246867837833382,
            1.1627818190118626,
            1.1585973115532144,
            1.1519333816119761,
            1.1351143422397068,
            1.0554203745458217,
            1.049340578042832,
            1.0475814865903328,
            1.0173911777637275,
            0.992065777449628,
            0.9824609681143152,
            0.9713870423059446,
            0.9703475105491843,
            0.9545176107001383,
            0.9169307060952157,
            0.8757992305905433,
            0.8679436483574978,
            0.8649957897784151,
            0.857840143018015,
            0.8456995070025829,
            0.8263502153708571,
            0.8235865837529315,
            0.8014364038877694,
            0.7899932163495724,
            0.7800904215359453,
            0.7739050832747231,
            0.7734940602284642,
            0.7589251971891887
        ],
        "novelty": 0.24668826029218477,
        "exec_time": 50145.5288002491
    },
    "run5": {
        "fitness": [
            1.6589972841052036,
            1.5767598167966905,
            1.3750862655728313,
            1.313788669736116,
            1.306059954300479,
            1.2682473430897263,
            1.2057244339845796,
            1.1904871335780112,
            1.172056895203682,
            1.098814950048511,
            1.072181844536611,
            1.0485337709108595,
            1.0374269383037658,
            1.0278289813431294,
            1.0151688449063592,
            0.9437211721662268,
            0.9034197648007215,
            0.8672828456027325,
            0.8351231084994736,
            0.8228865963642524,
            0.8203294702821774,
            0.7985733285799298,
            0.7945583539025299,
            0.7850201067063611,
            0.766314174492978,
            0.7633238195118971,
            0.7605379389736924,
            0.7465854010674491,
            0.7445483615820853,
            0.742725410579538
        ],
        "novelty": 0.20954717315476515,
        "exec_time": 52754.13297009468
    },
    "run6": {
        "fitness": [
            1.3931930596423947,
            1.22949340654963,
            1.2047785980753531,
            1.1027667890780584,
            0.9994329290939982,
            0.9956585899255671,
            0.9668150510345979,
            0.9526481565469814,
            0.901533940496217,
            0.8629503880036903,
            0.7979001893376035,
            0.7977623170815654,
            0.7684902767933484,
            0.7659925601872906,
            0.7616700445308336,
            0.7498707606872296,
            0.7342475607860237,
            0.7338975277389673,
            0.7261559867681471,
            0.7212082395274778,
            0.7175797067132098,
            0.7175559498767582,
            0.7004922656642919,
            0.6968208489685551,
            0.6962452015183079,
            0.6960466711658172,
            0.6911933751978149,
            0.6867328601978382,
            0.6853081830601241,
            0.6851609083009785
        ],
        "novelty": 0.24194513011252744,
        "exec_time": 51959.22606110573
    },