{
    "run0": {
        "fitness": [
            0.017420803286704735,
            0.017420803286704735,
            0.01742080328670473,
            0.01742080328670472,
            0.017420803286704718,
            0.017420803286704718,
            0.017420803286704718,
            0.017420803286704714,
            0.017420803286704707,
            0.017420803286704704,
            0.017003815670634647,
            0.01661696435080523,
            0.016606121532104903,
            0.01650703802138095,
            0.016507038021380947,
            0.016507038021380947,
            0.016507038021380947,
            0.015636489895076093,
            0.01563648989507609,
            0.01562712398400801
        ],
        "novelty": 1.0379433002534737,
        "exec_time": 0.49175333976745605
    },
    "run1": {
        "fitness": [
            0.019538259553054778,
            0.019456072474668996,
            0.01825826742321484,
            0.018258267423214833,
            0.01825826742321483,
            0.018258267423214826,
            0.01825826742321481,
            0.01825826742321481,
            0.018258267423214805,
            0.018258267423214784,
            0.01825826742321477,
            0.0181717374332944,
            0.018171737433294376,
            0.01817173743329437,
            0.018171737433294356,
            0.01789438774278443,
            0.01748906337998007,
            0.017274714778410336,
            0.0170060832043079,
            0.01698009529440681
        ],
        "novelty": 1.0166330553813003,
        "exec_time": 0.48294806480407715
    },
    "run2": {
        "fitness": [
            0.017552572207144602,
            0.017552572207144602,
            0.017552572207144596,
            0.017552572207144592,
            0.01755257220714459,
            0.017552572207144585,
            0.01755257220714458,
            0.017552572207144568,
            0.016298738262863422,
            0.016298738262863408,
            0.016298738262863398,
            0.016298738262863394,
            0.016298738262863394,
            0.01629873826286339,
            0.015503122859923663,
            0.015259836035335927,
            0.015259836035335903,
            0.015007339223923315,
            0.014930764884307118,
            0.01493076488430711
        ],
        "novelty": 0.9815071294735692,
        "exec_time": 0.4881727695465088
    }
}