{
    "run0": {
        "20": 0.017420803286704718,
        "30": 0.017420803286704718,
        "40": 0.01742080328670472,
        "50": 0.017420803286704735,
        "60": 0.017420803286704735
    },
    "run1": {
        "20": 0.019538259553054778,
        "30": 0.019538259553054778,
        "40": 0.019538259553054778,
        "50": 0.019538259553054778,
        "60": 0.019538259553054778
    },
    "run2": {
        "20": 0.017552572207144602,
        "30": 0.017552572207144602,
        "40": 0.017552572207144602,
        "50": 0.017552572207144602,
        "60": 0.017552572207144602
    }
}