{
    "run0": {
        "fitness": [
            1.4724861263320324,
            1.159176190146326,
            1.0768578176862902,
            0.907790353048478,
            0.88308303159323,
            0.8133349974717641,
            0.8026719632063803,
            0.7560922196959463,
            0.747150128748517,
            0.7339125578326343,
            0.7281892240347817,
            0.6879069047651701,
            0.6278063861183798,
            0.6266127269818865,
            0.6200894621895635,
            0.5739291993401812,
            0.5646796476239985,
            0.558632339553028,
            0.5552565187305886,
            0.5430386595556866,
            0.5411889322676248,
            0.5369971876270101,
            0.53532120651106,
            0.534757902509719,
            0.5307040598145644,
            0.528577138991794,
            0.5272237600536221,
            0.5262761299174658,
            0.5242999487039516,
            0.5225324078977253
        ],
        "novelty": 0.3118179059951982,
        "exec_time": 48830.93887877464
    },
    "run1": {
        "fitness": [
            0.8089770948672175,
            0.7590882373342528,
            0.7024378344588635,
            0.6873062161090753,
            0.6722269118738496,
            0.6562760897062232,
            0.6505654976695048,
            0.6415336893322839,
            0.6398505086510264,
            0.6318672083655746,
            0.6290452241971195,
            0.6185940766362453,
            0.555332910806996,
            0.49478150091025197,
            0.47588878825200287,
            0.47290546846942333,
            0.4568384839880529,
            0.4551029507903441,
            0.4437042496118852,
            0.4373049039590668,
            0.4222080863036117,
            0.41991989339417424,
            0.4177358561007422,
            0.41673019578185344,
            0.4153968302132265,
            0.41380834462176297,
            0.4093323749118327,
            0.399579386445865,
            0.39489284223181775,
            0.39373636673846973
        ],
        "novelty": 0.27457027540126683,
        "exec_time": 54230.44766831398
    },
    "run2": {
        "fitness": [
            1.192475544881697,
            0.9738798980028435,
            0.8584818723145324,
            0.7552196096599358,
            0.7246636469107702,
            0.69004285378177,
            0.6848360403767142,
            0.6648603306054031,
            0.6514304753632709,
            0.6405657708176209,
            0.6399072940226979,
            0.6190563834310934,
            0.6013406246111035,
            0.5395939400384074,
            0.5392170896301388,
            0.5374629142626335,
            0.5320611401530807,
            0.5305426933935508,
            0.5218041373246005,
            0.5189282640753436,
            0.5119793403741133,
            0.5113834393111267,
            0.5062231275001579,
            0.49131134522683684,
            0.4793175931458708,
            0.46400694162259165,
            0.45643646271783606,
            0.45157298629527554,
            0.4397477858853347,
            0.43163963967754954
        ],
        "novelty": 0.2835396983973315,
        "exec_time": 50355.25291848183
    },
    "run3": {
        "fitness": [
            1.4660637851443516,
            1.1594813487932987,
            1.116763170442096,
            1.0992209657376741,
            0.9448337483410212,
            0.8837385067121581,
            0.8816364991393306,
            0.8611195102054888,
            0.8469379848286634,
            0.791944136903622,
            0.76872512516863,
            0.767120603452823,
            0.7628564389841493,
            0.7556595995422004,
            0.7521394577351432,
            0.7447900373413113,
            0.7409872554031083,
            0.7393387809550542,
            0.7323363872594774,
            0.7155970175752537,
            0.7118150484513077,
            0.6997228825481772,
            0.6898601143699776,
            0.6860904467080631,
            0.661856663185622,
            0.6545436785917681,
            0.6378033243613259,
            0.6335247380053299,
            0.6235634478011299,
            0.6045164497151845
        ],
        "novelty": 0.31491247470674166,
        "exec_time": 51539.12551498413
    },
    "run4": {
        "fitness": [
            1.5411777299411882,
            1.1343099451137972,
            1.075788356392516,
            1.0167903558550906,
            0.889818886137565,
            0.8897612385105481,
            0.8205785580155087,
            0.7578858621840647,
            0.7506281355722041,
            0.7292544612004821,
            0.7172405235567483,
            0.7075015152211422,
            0.7047715380830257,
            0.7017967610236173,
            0.6975998550339142,
            0.6830465561746358,
            0.668526278906333,
            0.6625112605008059,
            0.6578248315077332,
            0.6503427109350473,
            0.6476357564640888,
            0.644613689536731,
            0.6377033894161969,
            0.6341379375307123,
            0.6340853880125074,
            0.6133959270148216,
            0.5997883410593182,
            0.5764086455348433,
            0.5645367513082789,
            0.551885278992957
        ],
        "novelty": 0.2709991175277793,
        "exec_time": 53139.515090465546
    },
    "run5": {
        "fitness": [
            0.9099601237133516,
            0.7698683891592163,
            0.7688966355511382,
            0.7479671170608382,
            0.741400083461239,
            0.7410687078723157,
            0.6561248854027896,
            0.6326034403585149,
            0.6093649135749541,
            0.575609003729464,
            0.571110189967037,
            0.5512653223540775,
            0.5485400581689208,
            0.5405268775052695,
            0.5398543949824746,
            0.5264984715295653,
            0.5207633668528271,
            0.5055364931945414,
            0.49822912174500544,
            0.49666476569336654,
            0.49331940188050644,
            0.4903979175338622,
            0.48780578142914466,
            0.48641879452185294,
            0.48177884597542187,
            0.48042414620467055,
            0.48015710808420725,
            0.4763699165032579,
            0.4695488523225476,
            0.4695327954883148
        ],
        "novelty": 0.2925609497539967,
        "exec_time": 57316.46188998222
    },
    "run6": {
        "fitness": [
            1.155945646028796,
            1.0848955880881448,
            0.994146106432083,
            0.9218526859598768,
            0.6833630587904225,
            0.6483248278665642,
            0.6464523438375147,
            0.6177581093452009,
            0.6053450920792085,
            0.600781701830696,
            0.5921538840502371,
            0.5398949488062252,
            0.5323728740152726,
            0.5318529203060166,
            0.5233427809839959,
            0.5219295329554721,
            0.5165651771241498,
            0.515602891738072,
            0.5138780575498056,
            0.5133459161395804,
            0.5089704369671537,
            0.5087048585724664,
            0.5069907942813848,
            0.502552360671973,
            0.49955934197023616,
            0.4988446127287912,
            0.4979195208631873,
            0.4934316440842156,
            0.49320080843079633,
            0.4908352512354433
        ],
        "novelty": 0.3238350231156943,
        "exec_time": 54763.6876540184
    },