{
    "run0": {
        "fitness": [
            1.1150298644435743,
            0.9196829702974735,
            0.8620189128463889,
            0.8308701863368303,
            0.8020452536506399,
            0.7788805191125266,
            0.7738881558556193,
            0.7548992203204524,
            0.7238339372578406,
            0.7212435510301966,
            0.7164472615701103,
            0.7078478214852864,
            0.6983170615759645,
            0.680690324812568,
            0.6793964504443357,
            0.6770598467240327,
            0.6769657592112979,
            0.6619042817646369,
            0.658287838811033,
            0.6566266177883646,
            0.6515864774780461,
            0.6492153683883687,
            0.623996964360616,
            0.6238995270694826,
            0.6235500608967744,
            0.6221294981061501,
            0.6213778646039319,
            0.6080375444916508,
            0.599467600554949,
            0.5885085945472606
        ],
        "novelty": 0.2708831913085423,
        "exec_time": 42719.366030454636
    },
    "run1": {
        "fitness": [
            1.4636104591941583,
            0.8825928742956525,
            0.8013486473697211,
            0.7891419870084887,
            0.7584020759703858,
            0.7474526260477207,
            0.7291393288830887,
            0.7198222222533738,
            0.7158844244266374,
            0.6924158518204595,
            0.6903974571010156,
            0.6897489315765626,
            0.6832277520220333,
            0.6729607267341504,
            0.6692023040586038,
            0.6682892476942122,
            0.6626141690181984,
            0.6616813575213756,
            0.6612781965677119,
            0.6570982653458003,
            0.654058798649434,
            0.653716786187117,
            0.6529364102842454,
            0.6498692237863923,
            0.6485583935187325,
            0.647629109179029,
            0.6389840125455404,
            0.6336760511410164,
            0.6308376340229236,
            0.6304622157411738
        ],
        "novelty": 0.2572352452089654,
        "exec_time": 47822.69143009186
    },
    "run2": {
        "fitness": [
            1.18613622649299,
            1.152564413068898,
            1.0808767794683143,
            1.052175146814726,
            0.833927194492635,
            0.8106688380285841,
            0.8102945229397542,
            0.7597908884442197,
            0.7519945613575629,
            0.7440000926221276,
            0.740427595492905,
            0.7399121160521718,
            0.736583514535013,
            0.7312062714159655,
            0.7226033031820376,
            0.7196877733628121,
            0.7159296580868943,
            0.7156348778668558,
            0.7120731041813848,
            0.7085673304175634,
            0.6982656106470382,
            0.690728577199475,
            0.6834922247440851,
            0.6824529595320109,
            0.6756978952789433,
            0.6749814493587841,
            0.6551527022308417,
            0.6542344278776396,
            0.6539333560007817,
            0.6513370909210141
        ],
        "novelty": 0.2382952902439246,
        "exec_time": 50860.96453547478
    },
    "run3": {
        "fitness": [
            3.134394295653786,
            1.9330339940431636,
            1.282412143535109,
            1.21436000016977,
            1.116516417277569,
            1.0506783233111254,
            1.0235570342982643,
            0.8438624187459199,
            0.8342800209463878,
            0.8305296528904976,
            0.8148872482313984,
            0.7787234613159403,
            0.7779924205207923,
            0.7574710544945824,
            0.7387699327923535,
            0.7136088594980645,
            0.7120630449430841,
            0.7077509971155695,
            0.6909933454216896,
            0.6868693261779909,
            0.6835555857089162,
            0.6675601391824658,
            0.6666239590496295,
            0.6595853534655987,
            0.6577376080022895,
            0.6559194369352843,
            0.6511425042117971,
            0.6391789374516043,
            0.6382705777527401,
            0.6355555943997785
        ],
        "novelty": 0.2213428308978556,
        "exec_time": 57699.67828631401
    },
    "run4": {
        "fitness": [
            0.828321354171107,
            0.8097458989962666,
            0.7910866987965489,
            0.7766623890187463,
            0.7736461742761547,
            0.7608246981063701,
            0.7450202541210731,
            0.7177617498093807,
            0.7164143441260284,
            0.7141545729283492,
            0.7084221210899,
            0.6891406765370318,
            0.6802508481522408,
            0.6799831474972795,
            0.6517116663212545,
            0.6512017797852161,
            0.6449461732685738,
            0.6331510323928695,
            0.6309746266505487,
            0.6260614767986799,
            0.6255716599913944,
            0.6217207358057416,
            0.6191754020231683,
            0.6130975660435789,
            0.6078873302580574,
            0.6061811236717904,
            0.6028593193384498,
            0.6027487254079045,
            0.6007036293282031,
            0.6003244973136718
        ],
        "novelty": 0.28526746441177553,
        "exec_time": 49132.24713611603
    },
    "run5": {
        "fitness": [
            1.168445174176918,
            1.1482759582827717,
            1.0683140187508628,
            1.0323788268218526,
            0.9605619892009681,
            0.9275680411258964,
            0.9233034264162298,
            0.9162676215423902,
            0.8588516880948319,
            0.8441358422109697,
            0.8351785985636959,
            0.7715314478925497,
            0.7401696837697781,
            0.7291289292721514,
            0.7274980457336486,
            0.6960051521987033,
            0.6916326054068903,
            0.6771883706686134,
            0.6473038181602746,
            0.6252985887101359,
            0.5830110683659172,
            0.5778136530458193,
            0.5762927879298945,
            0.573628772389497,
            0.5660082968862423,
            0.5620848300424552,
            0.5612380308633421,
            0.5567883448337752,
            0.5526966420977147,
            0.5484503368096557
        ],
        "novelty": 0.24393666893817764,
        "exec_time": 47235.98883271217
    },
    "run6": {
        "fitness": [
            0.9286077368651556,
            0.8548512470555817,
            0.8102936776656103,
            0.8092869787846866,
            0.7916450573195467,
            0.6532546510295213,
            0.6461612770763698,
            0.6445878382564103,
            0.6424682076469949,
            0.6247425564757032,
            0.6217423027705626,
            0.6114538155125839,
            0.6090443184129717,
            0.5703193663669883,
            0.549380015346384,
            0.5311514391882014,
            0.5129374248112123,
            0.5108024263617305,
            0.5048874144191156,
            0.497883614154831,
            0.4965589041163843,
            0.4948192402255398,
            0.4835749603334277,
            0.4778553022225325,
            0.46869839430407106,
            0.4500112364584574,
            0.4412976947486415,
            0.43849426087207327,
            0.4377326792137469,
            0.4363893727865485
        ],
        "novelty": 0.28352113551474095,
        "exec_time": 49496.46282124519
    },