{
    "run0": {
        "fitness": [
            -0.0,
            -0.0,
            0.21821595818685968,
            0.3449234575051087,
            0.15544250681647803,
            0.059194642709891936,
            -0.0,
            0.10102376661645766,
            0.29321800053267133,
            0.31860218729694045,
            -0.0,
            0.2302234236049314,
            0.19017442304799928,
            0.20295296541468166,
            -0.0,
            0.7129311453182317
        ],
        "novelty": 0.3051140535847767,
        "exec_time": 52137.21363043785
    },
    "run1": {
        "fitness": [
            0.21044908901522322,
            0.10718644339373794,
            0.15661273921052116,
            0.6455639146007264,
            -0.0,
            -0.0,
            0.3458714651344871,
            0.29899522397431993,
            0.1240172722186344,
            0.3195592061032459,
            -0.0,
            0.04459661168754004,
            0.3643509467905268,
            0.33652481205437346,
            0.06335915582866118,
            1.3186847436369713
        ],
        "novelty": 0.39345450616824607,
        "exec_time": 49010.98159790039
    },
    "run2": {
        "fitness": [
            0.0535250576197803,
            0.2175174253123912,
            -0.0,
            0.048429857711086884,
            0.11636549631101066,
            0.06907448549192538,
            0.21458004302992542,
            0.4534491102859468,
            0.04878206074149901,
            0.3717920062652615,
            0.17578146865913505,
            0.06158277521582395,
            -0.0,
            -0.0,
            -0.0,
            1.495942443098831
        ],
        "novelty": 0.4235048432827001,
        "exec_time": 48099.31433343887
    },
    "run3": {
        "fitness": [
            0.2872165402459181,
            0.20393652718995744,
            0.17649036643982696,
            0.2997406782967363,
            0.2032061830414017,
            0.03448777774976443,
            -0.0,
            0.5013702180049001,
            0.2619018950744207,
            0.7443961120432003,
            0.12239344351825761,
            0.031145829379530844,
            -0.0,
            0.39801901062280687,
            0.5164168556669599,
            1.384818099720613
        ],
        "novelty": 0.37892684036245233,
        "exec_time": 47641.83383345604
    },
    "run4": {
        "fitness": [
            0.048993282333793554,
            0.17077529476296677,
            -0.0,
            0.03563357362621427,
            0.1350012901697366,
            0.03601214789915142,
            0.23318591299851144,
            0.2575378436111676,
            0.13385711148528437,
            -0.0,
            0.18915272693626095,
            0.33754232977158155,
            0.15210465452009186,
            0.24287784653285244,
            0.14482801563761585,
            1.0428175107267301
        ],
        "novelty": 0.40651672538401923,
        "exec_time": 49997.78975915909
    },
    "run5": {
        "fitness": [
            0.25125624434117794,
            0.08126361659910213,
            0.08594247926608924,
            0.234505444934908,
            -0.0,
            -0.0,
            0.25627013142117183,
            0.07605242897055829,
            -0.0,
            -0.0,
            0.42909743888354424,
            0.08787326826490577,
            0.4849065121390683,
            0.472431919383511,
            0.3556552471178204,
            1.0463396010768544
        ],
        "novelty": 0.40003595960263477,
        "exec_time": 52458.977548122406
    },
    "run6": {
        "fitness": [
            0.24002879624197074,
            0.06758352225815659,
            0.4182159670338662,
            -0.0,
            0.12751895778703742,
            0.22863166709612667,
            0.3198109276513636,
            0.41832502820661843,
            0.4551860089342635,
            0.1494338202854462,
            0.29651929409598377,
            0.03962722360737378,
            -0.0,
            0.2478932333147416,
            0.3171375503462487,
            1.1125382508134902
        ],
        "novelty": 0.41854797438205876,
        "exec_time": 48144.828981399536
    },
    "run7": {
        "fitness": [
            0.4906999856156386,
            -0.0,
            0.11334242923377533,
            0.6767582873127369,
            -0.0,
            0.0494098913396582,
            0.050818691683297085,
            0.40853975374392776,
            0.09287560243440326,
            0.36784123883622266,
            0.1676037213322946,
            0.13393918405860128,
            0.26426594417210997,
            -0.0,
            0.11621627425371185,
            1.1556781108705483
        ],
        "novelty": 0.42050159812272697,
        "exec_time": 53736.813199043274
    },
    "run8": {
        "fitness": [
            0.21391695969177818,
            0.14779069411763707,
            0.45824480247492805,
            0.06074048869947304,
            0.03564002191129367,
            0.18008657818128243,
            0.05292638300426021,
            -0.0,
            0.13391821967950257,
            0.8906748449071568,
            0.26428330394650834,
            0.05164803687148517,
            0.22177030741670453,
            -0.0,
            0.21078010100652692,
            0.7652047625589968
        ],
        "novelty": 0.3696399325960565,
        "exec_time": 45161.516140937805
    },
    "run9": {
        "fitness": [
            0.27697675424105966,
            -0.0,
            0.3311730589522482,
            0.18125196956000145,
            -0.0,
            -0.0,
            -0.0,
            0.29983108180965073,
            0.20525925363525307,
            0.06919111415626794,
            0.06172230004382883,
            0.14891939723769548,
            0.22581004782789807,
            0.22822441192686538,
            0.5017206268772718,
            1.9670408823075143
        ],
        "novelty": 0.4120259357269829,
        "exec_time": 48085.357062101364
    }
}