{
    "run0": {
        "fitness": [
            1.7648050494897842,
            1.6242214104980097,
            1.507104916717818,
            1.4200372737715548,
            1.3891296522527208,
            1.3547697017940528,
            1.3031537477231399,
            1.2770984657767683,
            1.266377238903595,
            1.2311675458357438,
            1.2262750997888874,
            1.2202518199436776,
            1.1891266592553753,
            1.1129597268654317,
            1.0614677534363246,
            1.0343397468037743,
            1.03187230772243,
            1.027770789032964,
            1.0218219389656784,
            1.0037178618482727,
            0.9891036399242126,
            0.93852499463523,
            0.9324636999142117,
            0.9185013712498596,
            0.9045730034992074,
            0.8989155818239993,
            0.8908058150322924,
            0.8859975657272371,
            0.8802573165433585,
            0.8677204280648466
        ],
        "novelty": 0.1860962026420681,
        "exec_time": 48463.413769483566
    },
    "run1": {
        "fitness": [
            1.6491305275318389,
            1.402397223466433,
            1.2063091524416885,
            1.055904524077755,
            0.978070367197548,
            0.9547859414348866,
            0.9367102319788357,
            0.9353756998445574,
            0.9002666426113357,
            0.8672902312293242,
            0.8468263263463301,
            0.8373332015624341,
            0.8268723944418277,
            0.7863606982816136,
            0.7790479571504216,
            0.7380332878173748,
            0.729848228325726,
            0.7208730579560878,
            0.7049847287031298,
            0.7000013146796802,
            0.6944604570832841,
            0.6938733751903811,
            0.6878722701142338,
            0.6866788729870182,
            0.684865629442659,
            0.6752050804894334,
            0.669869278452588,
            0.6631844450793133,
            0.6606687451205698,
            0.6588077981162449
        ],
        "novelty": 0.24365490435183734,
        "exec_time": 48598.93263602257
    },
    "run2": {
        "fitness": [
            2.9215049884300224,
            2.5913926401459677,
            1.5959184449323054,
            1.541664876568602,
            1.431731456279205,
            1.1890961365110615,
            1.135584371179672,
            1.112401040300583,
            1.0785330533314212,
            0.9946103879518079,
            0.9785504976170948,
            0.9698980304172187,
            0.8930367881806525,
            0.8341945781536259,
            0.8222850427148887,
            0.8012812128208602,
            0.7810312177446159,
            0.770012911510108,
            0.7682856061657864,
            0.7633450245438216,
            0.7495453206596855,
            0.7316355446859621,
            0.7268717246074005,
            0.7160422480939252,
            0.6983363841427408,
            0.6972424400810473,
            0.6898279065734356,
            0.689642106299253,
            0.6894169950876071,
            0.6811409613911378
        ],
        "novelty": 0.26041898467074864,
        "exec_time": 51012.49397158623
    },
    "run3": {
        "fitness": [
            1.3430218342841578,
            0.9994447702537266,
            0.9828987067963946,
            0.9531020381221958,
            0.9510848838449357,
            0.919496036369934,
            0.8644895117175917,
            0.854066602912554,
            0.8386502184386275,
            0.8013108733421926,
            0.7711483426069583,
            0.7616478740141442,
            0.7602960409481747,
            0.74779229341982,
            0.7413361769682562,
            0.7360909718625182,
            0.7352410735158652,
            0.7294518416590305,
            0.7207751016169953,
            0.7182528120898193,
            0.7172266650487852,
            0.7151464899050889,
            0.7148515695372062,
            0.7130064843217429,
            0.7126440303978578,
            0.7074627875891407,
            0.7069469684568301,
            0.7057719252886064,
            0.7021949062500413,
            0.7020485787874422
        ],
        "novelty": 0.20618513630724503,
        "exec_time": 48436.06610226631
    },
    "run4": {
        "fitness": [
            1.1857649438948088,
            1.1184942435053962,
            1.1100271729843012,
            0.9693330128992904,
            0.8864227432586101,
            0.8650356601919899,
            0.8553364737976249,
            0.8342092596317694,
            0.7971317146159134,
            0.7848559316444721,
            0.7587951050412178,
            0.7445014545456088,
            0.7364052692819343,
            0.7336232631351768,
            0.7204168221054278,
            0.7201192176400242,
            0.7185285880297394,
            0.7124919074683314,
            0.7053112057866232,
            0.6985648437510745,
            0.6962973884785749,
            0.6913466543299978,
            0.6808251754812266,
            0.67506149730607,
            0.666956623107322,
            0.6615536957584807,
            0.6570809969935736,
            0.6564426563151347,
            0.6506413173001828,
            0.6460098404117601
        ],
        "novelty": 0.19444336863769882,
        "exec_time": 46120.655993938446
    },
    "run5": {
        "fitness": [
            2.7979536171988775,
            2.156697659656242,
            1.5297917239908954,
            1.1069205335406471,
            1.0244613371461764,
            0.9411462367597785,
            0.9171272604849174,
            0.8965147009545206,
            0.8789367729906844,
            0.8587537749140823,
            0.8357099789782935,
            0.8227718919990823,
            0.8151873550486746,
            0.8126180648609515,
            0.8055439289904665,
            0.8019674130137918,
            0.8002217940800753,
            0.7962672232680202,
            0.7887616158227927,
            0.7847504244883337,
            0.7704409585598521,
            0.7680381496565725,
            0.7669213217700683,
            0.7644658297554066,
            0.7611551276704989,
            0.7569182758273604,
            0.7555445350765886,
            0.7553743094919043,
            0.7508722310776219,
            0.7487033825202877
        ],
        "novelty": 0.16271154716097075,
        "exec_time": 46554.44762516022
    },
    "run6": {
        "fitness": [
            2.2874714014272093,
            1.660471331407902,
            1.2901017225551334,
            1.0477062507915558,
            0.9410207800097283,
            0.9096693476606589,
            0.8609854533537055,
            0.8555415967011616,
            0.8010466618381683,
            0.7277172820017679,
            0.7256393430854036,
            0.7149436684436863,
            0.6755750654076855,
            0.674634685913481,
            0.6594254358262049,
            0.6549319909539338,
            0.617622421581215,
            0.6102551084946639,
            0.6092356081115591,
            0.6055242754533731,
            0.5952730961103793,
            0.5879741820645994,
            0.5870196418779737,
            0.586343529171591,
            0.5840488894249165,
            0.5780662468051979,
            0.5750063667790489,
            0.5698195882972299,
            0.5601885791892087,
            0.5564943908762102
        ],
        "novelty": 0.18538278738657635,
        "exec_time": 46979.819895744324
    },