{
    "run0": {
        "fitness": [
            -0.0,
            0.19773012520250888,
            0.329246288169307,
            0.5752177115511796,
            0.24941303861891062,
            0.21477025800274552,
            0.05173982580376735,
            -0.0,
            0.8438142575810837,
            0.2107673823847458,
            0.8578677982076134,
            0.4558155070987714,
            0.7357067394454659,
            0.7099502643605133,
            0.40181059981903056,
            0.40966859152920654,
            0.35958216322396275,
            0.2797142449537273,
            0.17431847899860553,
            0.3059633046385817,
            0.9954167955664692
        ],
        "novelty": 0.674245273297353,
        "exec_time": 8030.654452562332
    },
    "run1": {
        "fitness": [
            0.37413537688332543,
            0.3025514138643275,
            0.44201797455363145,
            0.8008596319560743,
            0.43675608591010495,
            0.6226422530873015,
            0.6029100945096472,
            0.4837229585777121,
            0.6254809948424134,
            0.2930360467114337,
            0.30768541392712867,
            0.4470856284246957,
            0.5647102661199322,
            0.6872127963551453,
            0.4504315528217975,
            0.9208884605204467,
            0.4545780439714221,
            0.33656974302206466,
            0.4287546298604865,
            0.3179392358811185,
            0.9915816004775897
        ],
        "novelty": 0.6495467503254969,
        "exec_time": 7577.817997932434
    },
    "run2": {
        "fitness": [
            0.3371390164475667,
            0.5747098318086958,
            0.3361635153724183,
            0.7791630385757842,
            0.626932855173685,
            0.38001697829210546,
            0.27777225983653697,
            0.630267570901835,
            0.29106898694313177,
            0.2652842372200681,
            0.9287334646592398,
            0.19062504946647874,
            0.4703792180330262,
            0.41195350876334424,
            0.4455250666739947,
            0.5646962534105489,
            0.31697878317991146,
            0.5074574241190468,
            0.6903359877871802,
            0.5457291733529732,
            0.9800781993994709
        ],
        "novelty": 0.6546198969693562,
        "exec_time": 8142.660988807678
    },
    "run3": {
        "fitness": [
            0.19297377604092192,
            0.452814585132733,
            0.8510565169879483,
            0.4413128070673179,
            0.7286124795546467,
            0.858536933631447,
            0.33595248479646933,
            0.6092621188627299,
            0.3855241533014715,
            0.6079320925594403,
            0.5999989752543473,
            0.8670971283945677,
            0.5431062075800189,
            0.5393286904378498,
            0.90467498378529,
            0.49268117863393335,
            0.810464764856101,
            0.3233081290250157,
            0.5564614492337276,
            0.9082362562893582,
            0.9866647107701476
        ],
        "novelty": 0.6884427522804221,
        "exec_time": 8175.6586945056915
    },
    "run4": {
        "fitness": [
            0.8488227747496344,
            0.6564804691574301,
            0.41772578324639453,
            0.8061224031761374,
            0.3826556916175997,
            0.5210363863510753,
            0.796269618600242,
            0.24812820331770447,
            0.3297142117633388,
            0.777979024894163,
            0.26964371290642486,
            0.17236800159909227,
            0.6721607749075451,
            0.9025004339079394,
            0.2317482442781591,
            0.4798003035785563,
            0.3565332580695507,
            0.529784955289373,
            0.725047412056864,
            0.4595915852096152,
            0.9877809494517622
        ],
        "novelty": 0.6437632275136598,
        "exec_time": 8080.906718969345
    },
    "run5": {
        "fitness": [
            0.48089146496203306,
            0.3095107573360022,
            0.6246948757986721,
            0.7220545501786317,
            0.20539439269053827,
            0.3597102808774475,
            0.5161826375803349,
            0.18266385285482312,
            0.9518537023626679,
            0.8856624841018089,
            0.48844261326775285,
            0.2718140535353267,
            0.7473069137243737,
            0.47774089981699164,
            0.4238810738481118,
            0.3915085937948076,
            0.3532379248368426,
            0.14893847689458672,
            0.630094306970859,
            0.5450088345579328,
            0.998685970349376
        ],
        "novelty": 0.6830943171570959,
        "exec_time": 8131.223219394684
    },
    "run6": {
        "fitness": [
            0.5691772649593417,
            0.5083754008003676,
            0.2760698775627779,
            0.3504219869086974,
            0.26493374283304616,
            0.41506776645415544,
            0.3674042697470209,
            0.2910427539837399,
            0.9731841180390594,
            0.9691673124602505,
            0.2911548150896329,
            0.4666469664638083,
            0.4605223377223412,
            0.4641187033677616,
            0.3821381853382734,
            0.9445093562980447,
            0.4450749263871292,
            0.9902541689900517,
            0.5505419441644814,
            0.41851683510391935,
            0.972736217876189
        ],
        "novelty": 0.6782712535155172,
        "exec_time": 7643.118055343628
    },
    "run7": {
        "fitness": [
            0.6201575611301301,
            0.48583551250758483,
            0.39977845526788125,
            0.3373951837141509,
            0.30518774320998265,
            0.4247649162296817,
            0.4008495286520851,
            0.5835603832717288,
            0.35386315972697,
            0.42874092737899316,
            0.6067780029582321,
            0.5192118625143489,
            0.7685942746149292,
            0.9114164481247975,
            0.027102922536751284,
            -0.0,
            0.212585494274815,
            0.7965107197217272,
            0.34176282329742935,
            0.8474831061779381,
            0.979328458709503
        ],
        "novelty": 0.6689595776359182,
        "exec_time": 7542.5840401649475
    },
    "run8": {
        "fitness": [
            0.410938745115053,
            0.6099877662787232,
            0.4344573307805727,
            0.26135536049331576,
            0.19681118354838045,
            0.5166598710535149,
            0.25788472402977103,
            0.25945946971372147,
            0.9939314192117834,
            0.24518308408079625,
            0.3797147635849919,
            0.3610669295895801,
            0.27789164038801495,
            0.6098990811409629,
            0.4083049559407739,
            0.600720146469077,
            0.4496209195215011,
            0.32611515277700676,
            0.9492499976398104,
            0.4165100514562927,
            0.9989244103953403
        ],
        "novelty": 0.6674794663570263,
        "exec_time": 7869.251623868942
    },
    "run9": {
        "fitness": [
            0.30202144321597724,
            -0.0,
            0.2731434827946304,
            0.28488107701692567,
            0.24649633961160478,
            0.5978692247546131,
            0.60932075082233,
            0.4764000710407087,
            0.37792650542133077,
            0.2961556612510112,
            -0.0,
            0.15263281367939774,
            0.2834020496848969,
            0.48986450293094796,
            0.26720641019573654,
            0.3409106385238142,
            0.48696290828240885,
            0.4368351700061227,
            0.4056814099563325,
            -0.0,
            0.9999656638102051
        ],
        "novelty": 0.6451174986591207,
        "exec_time": 7856.936962366104
    }
}