{
    "run0": {
        "fitness": [
            0.9660404006278951,
            0.9635089535614763,
            0.4986309944850911,
            -0.0,
            -0.0,
            -0.0,
            -0.0,
            0.8371178842439184,
            0.4407249828901757,
            -0.0,
            -0.0,
            0.6883718249614992,
            0.40670007764089544,
            0.8672383516170453,
            -0.0,
            -0.0,
            -0.0,
            -0.0,
            -0.0,
            0.7568509727868635,
            0.9956623530510363
        ],
        "novelty": 0.6746619274153521,
        "exec_time": 7728.317240476608
    },
    "run1": {
        "fitness": [
            0.8824059494513603,
            -0.0,
            0.6462802313852392,
            0.9449326974681779,
            -0.0,
            -0.0,
            0.4313138029294751,
            -0.0,
            -0.0,
            -0.0,
            0.8911106295639126,
            -0.0,
            -0.0,
            0.699400388895624,
            -0.0,
            0.5859781670282026,
            -0.0,
            -0.0,
            -0.0,
            -0.0,
            1.0
        ],
        "novelty": 0.6761176538040959,
        "exec_time": 7686.901816368103
    },
    "run2": {
        "fitness": [
            0.6351712133102532,
            -0.0,
            0.7492794638116569,
            0.6914595865008517,
            -0.0,
            0.8843136348233298,
            -0.0,
            -0.0,
            -0.0,
            0.6900921306774868,
            -0.0,
            0.792594060036967,
            -0.0,
            -0.0,
            -0.0,
            0.8821052436453537,
            0.9371299057933052,
            0.9215897850598923,
            -0.0,
            0.934882073179121,
            0.9930522313759526
        ],
        "novelty": 0.6591933376656686,
        "exec_time": 7732.485957145691
    },
    "run3": {
        "fitness": [
            0.988543722852778,
            0.9276725130968402,
            -0.0,
            -0.0,
            0.9108027913924595,
            -0.0,
            0.8799976302051861,
            -0.0,
            -0.0,
            -0.0,
            0.5959850322775768,
            0.4432663568538169,
            0.4778698745888599,
            0.8780572318708615,
            0.7680528562960244,
            0.6833726782457585,
            -0.0,
            0.515446316690866,
            -0.0,
            -0.0,
            0.9910619634952078
        ],
        "novelty": 0.6572150807362049,
        "exec_time": 7519.2885825634
    },
    "run4": {
        "fitness": [
            -0.0,
            -0.0,
            0.4047480702916806,
            -0.0,
            0.5764132282160049,
            -0.0,
            0.9563177785509679,
            0.747229539447199,
            0.8724779845359607,
            0.4851119697605867,
            0.8566002171327898,
            -0.0,
            0.23280771222564622,
            0.5032787214517047,
            -0.0,
            0.6190705646702674,
            0.4726576887861793,
            0.7311334181738888,
            0.5658488324130366,
            0.5211543625782111,
            0.9965838255712085
        ],
        "novelty": 0.6967564141717862,
        "exec_time": 7506.7645609378815
    },
    "run5": {
        "fitness": [
            -0.0,
            0.5525406382553115,
            -0.0,
            0.6189838562149002,
            -0.0,
            0.7008806926324941,
            0.9256056609212766,
            0.8857087232860636,
            -0.0,
            0.9122755204345037,
            0.6289377474475166,
            0.5120209138966287,
            0.30627135073380096,
            0.6511433386815125,
            0.4598103508060357,
            0.7630483627392094,
            -0.0,
            -0.0,
            0.542266561666328,
            -0.0,
            0.9992146793370941
        ],
        "novelty": 0.6980807783768366,
        "exec_time": 7719.253662347794
    },
    "run6": {
        "fitness": [
            -0.0,
            -0.0,
            -0.0,
            0.9078448087793789,
            0.8424067153641077,
            0.5669218275172738,
            -0.0,
            0.41577678689796227,
            0.9143141736419704,
            0.9112809066887512,
            -0.0,
            0.4282707980704946,
            -0.0,
            -0.0,
            0.39167544927074194,
            -0.0,
            -0.0,
            -0.0,
            -0.0,
            -0.0,
            0.9803830164808848
        ],
        "novelty": 0.6740620529995986,
        "exec_time": 7672.544329404831
    },
    "run7": {
        "fitness": [
            0.9076434040913016,
            -0.0,
            -0.0,
            0.7336764630199155,
            0.9473912604673541,
            -0.0,
            0.632729923353931,
            -0.0,
            0.8640161028411264,
            -0.0,
            0.3246560400317394,
            0.9512958877578719,
            -0.0,
            -0.0,
            -0.0,
            0.6324131734855625,
            -0.0,
            0.6881913620894926,
            0.24955327547842943,
            -0.0,
            0.9970004487174056
        ],
        "novelty": 0.6836854429240032,
        "exec_time": 7678.516435146332
    },
    "run8": {
        "fitness": [
            0.4339886003615804,
            -0.0,
            -0.0,
            0.6533776633171158,
            0.22226949528922568,
            -0.0,
            0.7771356668758104,
            0.6214412730766767,
            -0.0,
            -0.0,
            0.3018627764423143,
            0.3369803571288743,
            0.6026377762337751,
            0.7398152694983928,
            -0.0,
            0.8839822777546287,
            0.6759317666803766,
            0.5592214112453524,
            0.7102135413479219,
            0.9804438902806729,
            0.9945897261074468
        ],
        "novelty": 0.6854230144597271,
        "exec_time": 7758.418094396591
    },
    "run9": {
        "fitness": [
            0.6193863961651054,
            0.9811248110463644,
            -0.0,
            0.9534721705641097,
            -0.0,
            0.9276214832746528,
            -0.0,
            0.5234445405087749,
            0.4381493820527007,
            0.5885766553497469,
            -0.0,
            0.02638278487121426,
            -0.0,
            0.6852034049997537,
            0.9208318508837344,
            0.6438214397039952,
            0.7562251306794946,
            -0.0,
            -0.0,
            0.9285802804243612,
            1.0
        ],
        "novelty": 0.6995934916831749,
        "exec_time": 7874.586068868637
    }
}