{
    "run0": {
        "fitness": [
            0.5450578074393169,
            0.2342148097735085,
            0.24751257110030356,
            0.5681970193177984,
            -0.0,
            0.2646371388463421,
            -0.0,
            0.28206323402688593,
            0.21485881493028214,
            0.4510268700376614,
            0.31502645709857535,
            0.21433287182020933,
            -0.0,
            0.3493066994845948,
            0.49538723949380425,
            0.12740588050000667,
            0.34604847265655714,
            0.5782644770246512,
            0.5414739513456464,
            0.21037266611207606,
            0.9795810450104945
        ],
        "novelty": 0.721925615211091,
        "exec_time": 7886.007788896561
    },
    "run1": {
        "fitness": [
            0.5654095584105392,
            0.597517738523402,
            0.8973102739030675,
            0.7949460584659125,
            0.4533478822201472,
            -0.0,
            0.35100728306011986,
            0.16987066881578583,
            0.47964286113106236,
            0.8698741485127811,
            0.36795894787807604,
            0.47889524766462377,
            0.9313097691658064,
            0.3748010784366079,
            0.14141907834041845,
            0.23433188522630977,
            0.3452402755354044,
            0.8523811929097471,
            0.36791010541637703,
            0.41298079956402667,
            0.9730134445801155
        ],
        "novelty": 0.6761722374339834,
        "exec_time": 8136.225978136063
    },
    "run2": {
        "fitness": [
            0.6470032713607285,
            0.24879755005546145,
            0.2636801182810633,
            0.291502196393138,
            0.46586540013840105,
            0.9248161746547321,
            0.3267201313260989,
            0.3780465418427301,
            0.21107444784214835,
            0.5078355470844551,
            0.6662890116104974,
            0.39858916507568887,
            0.8463516382276204,
            0.30328561882662786,
            0.3093481639835979,
            0.4413519982144555,
            0.3378145562051118,
            0.4362158502342328,
            0.2730944200918328,
            0.44445910387812826,
            0.9814130536667571
        ],
        "novelty": 0.645004004181522,
        "exec_time": 7632.931015729904
    },
    "run3": {
        "fitness": [
            0.13717574671843225,
            0.270950791587089,
            0.3656837874343881,
            0.5459792580229437,
            0.5045771882826573,
            0.252981387896438,
            0.4884419328617049,
            0.6343255004400451,
            0.5040729729929381,
            -0.0,
            -0.0,
            0.3001814842473106,
            0.6898806019802248,
            -0.0,
            0.5369478985147693,
            0.812511429643365,
            0.47684486678650506,
            0.233873605183204,
            0.13470463217238426,
            0.9801514242224815,
            0.9494846529822126
        ],
        "novelty": 0.6713087600337243,
        "exec_time": 8051.197033166885
    },
    "run4": {
        "fitness": [
            0.21172953738637623,
            0.5560829517019203,
            0.4798832333826769,
            0.9758074305461766,
            0.27900798436032714,
            0.431647735183589,
            0.6205103831321759,
            0.3915577492315021,
            0.2537830746733526,
            0.5983032016870069,
            -0.0,
            0.09989292171745723,
            0.24758637255348415,
            0.39343590820752394,
            0.218978574060253,
            0.19506595413531302,
            0.1561708348645925,
            0.15366388829459654,
            0.746918432857299,
            0.3850932033868931,
            0.9847366836171437
        ],
        "novelty": 0.7065295201015511,
        "exec_time": 7519.315300703049
    },
    "run5": {
        "fitness": [
            0.23855141106894562,
            0.5417955675400925,
            0.5542843416196954,
            0.4049763897369246,
            0.41027921788345056,
            0.7398133570181407,
            0.8343637266077217,
            0.2929246944336019,
            0.17414895289178745,
            0.318524223435276,
            0.19265138670860127,
            0.8795039014236886,
            0.25124046881730333,
            0.7241193258730099,
            0.15881797115319607,
            0.3994565541051226,
            0.38934512641133556,
            0.1316327316443755,
            0.16693121329283445,
            0.5300901062531411,
            0.9867934421751734
        ],
        "novelty": 0.7321760199862949,
        "exec_time": 8099.783900737762
    },
    "run6": {
        "fitness": [
            0.7159495085300465,
            0.35727869964387293,
            0.26431891281760145,
            0.7386062459608542,
            -0.0,
            -0.0,
            0.18879511235717072,
            0.07893818905928907,
            0.2093254034937676,
            0.2007941091147274,
            0.5829713459666682,
            0.40362066408184794,
            0.4510459270876117,
            0.26697077238803035,
            -0.0,
            0.19453107110509116,
            0.33683435089814473,
            0.48178438290993764,
            0.9297332712985249,
            0.9344522681989889,
            0.9810084837483476
        ],
        "novelty": 0.6841412249450131,
        "exec_time": 8058.470223665237
    },
    "run7": {
        "fitness": [
            0.026354038214621456,
            0.535201949142621,
            0.7372866791302182,
            0.17586848851906922,
            0.4312992841852622,
            0.3954690137354747,
            0.37502512008213595,
            0.8126712662177377,
            0.26510157277454716,
            0.8747997740212383,
            0.026378303312602602,
            0.4832466738685831,
            0.6237699266911305,
            0.6281545274038692,
            0.35871832632425527,
            0.6490682456907912,
            0.4400883508550326,
            0.37659673159662066,
            0.646801327133768,
            0.46873619738886396,
            0.9617559487330386
        ],
        "novelty": 0.6813724411161323,
        "exec_time": 8089.981560230255
    },
    "run8": {
        "fitness": [
            0.32793067498756023,
            -0.0,
            0.13320864594412152,
            0.48878346137157935,
            -0.0,
            0.2786867226670191,
            0.36089836179156587,
            0.7004331334383855,
            0.7955090151694908,
            0.7045612162247954,
            0.5488874798863825,
            0.16787125765248534,
            0.6391960981443952,
            0.23082558043498935,
            0.2737419769081718,
            0.5374448312196534,
            -0.0,
            0.38715900193426467,
            0.39233216532717075,
            0.46588623218587455,
            0.9866129933518755
        ],
        "novelty": 0.6773538364704061,
        "exec_time": 8077.872795343399
    },
    "run9": {
        "fitness": [
            0.21982637979807174,
            0.055418901481992466,
            0.9477018757935821,
            0.3228400013335345,
            0.6075495805107944,
            0.22340325777517778,
            -0.0,
            0.7271866392216764,
            0.5027141901436549,
            0.38532613791069303,
            0.08175455666822096,
            0.8400868345883963,
            0.6687221469268743,
            0.2615597075954459,
            0.9580098374527566,
            0.5118554167379598,
            0.10767399017855428,
            0.7098011373817554,
            0.6164416363958932,
            0.3184605956797205,
            0.9682748396859512
        ],
        "novelty": 0.704126736649165,
        "exec_time": 8148.289708614349
    },